Ä,à,ò,à, ,ñ,î,ç,ä,à,í,è,ÿ,",", ,Ä,à,ò,à,_,ï,î,ñ,ë,å,ä,í,å,ã,î,_,â,õ,î,ä,à,",", ,Ï,î,ë,ü,ç,î,â,à,ò,å,ë,ü,",", ,Ï,î,÷,ò,î,â,û,é,_,ÿ,ù,è,ê
2/26/2018 17:04,4/8/2018 18:35,Novikov_DV
2/20/2019 11:17,6/25/2019 20:42,Ivantsova_AO
7/6/2011 16:02,3/4/2019 13:19,ShavlovAV
1/14/2016 9:49,6/14/2018 11:53,Stepkina_NL
6/4/2018 17:01,6/11/2019 22:13,svc-tvr-oktogram
2/5/2016 15:10,8/21/2019 15:49,scribeshop
Ä,à,ò,à, ,ñ,î,ç,ä,à,í,è,ÿ,",", ,Ä,à,ò,à,_,ï,î,ñ,ë,å,ä,í,å,ã,î,_,â,õ,î,ä,à,",", ,Ï,î,ë,ü,ç,î,â,à,ò,å,ë,ü,",", ,Ï,î,÷,ò,î,â,û,é,_,ÿ,ù,è,ê
2/26/2018 17:04,4/8/2018 18:35,Novikov_DV
2/20/2019 11:17,6/25/2019 20:42,Ivantsova_AO
7/6/2011 16:02,3/4/2019 13:19,ShavlovAV
1/14/2016 9:49,6/14/2018 11:53,Stepkina_NL
6/4/2018 17:01,6/11/2019 22:13,svc-tvr-oktogram
2/5/2016 15:10,8/21/2019 15:49,scribeshop
10/31/2018 16:34,,Water
Ä,à,ò,à, ,ñ,î,ç,ä,à,í,è,ÿ,",", ,Ä,à,ò,à,_,ï,î,ñ,ë,å,ä,í,å,ã,î,_,â,õ,î,ä,à,",", ,Ï,î,ë,ü,ç,î,â,à,ò,å,ë,ü,",", ,Ï,î,÷,ò,î,â,û,é,_,ÿ,ù,è,ê
2/26/2018 17:04,4/8/2018 18:35,Novikov_DV
2/20/2019 11:17,6/25/2019 20:42,Ivantsova_AO
7/6/2011 16:02,3/4/2019 13:19,ShavlovAV
1/14/2016 9:49,6/14/2018 11:53,Stepkina_NL
6/4/2018 17:01,6/11/2019 22:13,svc-tvr-oktogram
2/5/2016 15:10,8/21/2019 15:49,scribeshop
10/31/2018 16:34,,Water
10/15/2010 15:41,1/25/2018 11:50,Secretariat_RH
3/20/2020 11:16,,rw
8/30/2018 14:46,8/30/2018 17:39,Study_Knomary
9/28/2018 13:38,2/5/2019 11:19,BankClientRG_2
Ä,à,ò,à, ,ñ,î,ç,ä,à,í,è,ÿ,",", ,Ä,à,ò,à,_,ï,î,ñ,ë,å,ä,í,å,ã,î,_,â,õ,î,ä,à,",", ,Ï,î,ë,ü,ç,î,â,à,ò,å,ë,ü,",", ,Ï,î,÷,ò,î,â,û,é,_,ÿ,ù,è,ê
2/26/2018 17:04,4/8/2018 18:35,Novikov_DV
2/20/2019 11:17,6/25/2019 20:42,Ivantsova_AO
7/6/2011 16:02,3/4/2019 13:19,ShavlovAV
1/14/2016 9:49,6/14/2018 11:53,Stepkina_NL
6/4/2018 17:01,6/11/2019 22:13,svc-tvr-oktogram
2/5/2016 15:10,8/21/2019 15:49,scribeshop
10/31/2018 16:34,,Water
10/15/2010 15:41,1/25/2018 11:50,Secretariat_RH
3/20/2020 11:16,,rw
8/30/2018 14:46,8/30/2018 17:39,Study_Knomary
9/28/2018 13:38,2/5/2019 11:19,BankClientRG_2
9/10/2019 10:41,,Duty_Quality
Ä,à,ò,à, ,ñ,î,ç,ä,à,í,è,ÿ,",", ,Ä,à,ò,à,_,ï,î,ñ,ë,å,ä,í,å,ã,î,_,â,õ,î,ä,à,",", ,Ï,î,ë,ü,ç,î,â,à,ò,å,ë,ü,",", ,Ï,î,÷,ò,î,â,û,é,_,ÿ,ù,è,ê
2/26/2018 17:04,4/8/2018 18:35,Novikov_DV
2/20/2019 11:17,6/25/2019 20:42,Ivantsova_AO
7/6/2011 16:02,3/4/2019 13:19,ShavlovAV
1/14/2016 9:49,6/14/2018 11:53,Stepkina_NL
6/4/2018 17:01,6/11/2019 22:13,svc-tvr-oktogram
2/5/2016 15:10,8/21/2019 15:49,scribeshop
10/31/2018 16:34,,Water
10/15/2010 15:41,1/25/2018 11:50,Secretariat_RH
3/20/2020 11:16,,rw
8/30/2018 14:46,8/30/2018 17:39,Study_Knomary
9/28/2018 13:38,2/5/2019 11:19,BankClientRG_2
9/10/2019 10:41,,Duty_Quality
2/3/2016 16:11,3/8/2016 17:27,fbl
Ä,à,ò,à, ,ñ,î,ç,ä,à,í,è,ÿ,",", ,Ä,à,ò,à,_,ï,î,ñ,ë,å,ä,í,å,ã,î,_,â,õ,î,ä,à,",", ,Ï,î,ë,ü,ç,î,â,à,ò,å,ë,ü,",", ,Ï,î,÷,ò,î,â,û,é,_,ÿ,ù,è,ê
2/26/2018 17:04,4/8/2018 18:35,Novikov_DV
2/20/2019 11:17,6/25/2019 20:42,Ivantsova_AO
7/6/2011 16:02,3/4/2019 13:19,ShavlovAV
1/14/2016 9:49,6/14/2018 11:53,Stepkina_NL
6/4/2018 17:01,6/11/2019 22:13,svc-tvr-oktogram
2/5/2016 15:10,8/21/2019 15:49,scribeshop
10/31/2018 16:34,,Water
10/15/2010 15:41,1/25/2018 11:50,Secretariat_RH
3/20/2020 11:16,,rw
8/30/2018 14:46,8/30/2018 17:39,Study_Knomary
9/28/2018 13:38,2/5/2019 11:19,BankClientRG_2
9/10/2019 10:41,,Duty_Quality
2/3/2016 16:11,3/8/2016 17:27,fbl
5/17/2012 16:07,9/9/2019 14:48,sales
Ä,à,ò,à, ,ñ,î,ç,ä,à,í,è,ÿ,",", ,Ä,à,ò,à,_,ï,î,ñ,ë,å,ä,í,å,ã,î,_,â,õ,î,ä,à,",", ,Ï,î,ë,ü,ç,î,â,à,ò,å,ë,ü,",", ,Ï,î,÷,ò,î,â,û,é,_,ÿ,ù,è,ê
2/26/2018 17:04,4/8/2018 18:35,Novikov_DV
2/20/2019 11:17,6/25/2019 20:42,Ivantsova_AO
7/6/2011 16:02,3/4/2019 13:19,ShavlovAV
1/14/2016 9:49,6/14/2018 11:53,Stepkina_NL
6/4/2018 17:01,6/11/2019 22:13,svc-tvr-oktogram
2/5/2016 15:10,8/21/2019 15:49,scribeshop
10/31/2018 16:34,,Water
10/15/2010 15:41,1/25/2018 11:50,Secretariat_RH
3/20/2020 11:16,,rw
8/30/2018 14:46,8/30/2018 17:39,Study_Knomary
9/28/2018 13:38,2/5/2019 11:19,BankClientRG_2
9/10/2019 10:41,,Duty_Quality
2/3/2016 16:11,3/8/2016 17:27,fbl
5/17/2012 16:07,9/9/2019 14:48,sales
12/16/2013 16:15,10/19/2017 17:01,skipatrol
