1;"38, НБ, НСКДА";"Станция лифт А Нижняя"
2;"Тирольский домик";"старая запись"
3;"Офис Сочинский";"Офис в Сочи, ул. Конституции"
4;"Офис Москва";
5;"Горный Приют";"Плато ""Роза Хутор"""
6;"37, НБ, Сервисное";"Нижняя База Мзымта"
7;"Насосная №1";"на зоне Финиша"
8;"УС БС-3";"Базовая станция №3, плато ""Роза Хутор"""
9;"УС БС-5 OLD, ЗФ";"Базовая станция №5, зона финиша"
10;"УС БС-7, ВГК";"Базовая станция №7, хребет Аибга"
11;"УС БС-9, зд. 15";"Базовая станция №9, база Мзымта"
12;"Насосная №3";"подсадка С"
13;"СКД BC";"Станция пересадки ВС"
14;"Н/О";"не определенно / НЕ УДАЛЯТЬ (!)"
18;"20, НБ, Park Inn";"отель ""Park Inn"""
19;"21, НБ, Tulip Inn";"отель ""Tulip Inn"""
20;"08, НБ, Valset 1";"Нижняя База"
21;"15, НБ, автопарковка";"Автопарковка"
24;"Насосная №2";"BCD"
25;"СКД D верх";"Станция лифт D верх"
26;"Офис Технадзора";"Временный офис, Нижняя База"
28;"32, НБ, Ратуша";"Офисное здание"
29;"19, НБ, Mercure";"отель ""Mercure"""
30;"10, НБ, Valset 3";"Нижняя База"
31;"18, НБ, Freestyle";"отель Freestyle"
32;"СКД H низ";"Лифт H Ниж. Ст."
33;"СКД H верх";"Лифт H Верхн. Ст."
34;"УС БС-5, ЗФ";
35;"Насосная №4";
36;"ВЗУ ЗФ";"водозабор на ЗФ"
37;"УС БС-6, Сноуборд";"Узел связи Сноуборд"
38;"СКД D низ";"Станция лифт D низ"
39;"38, ГОД";"ГОД, здание № 38"
40;"64, ГОД";"ГОД"
41;"28, НБ, автопарковка";
42;"14, НБ, Автопарковка";
43;"01, НБ, 12.1";
44;"02, НБ, 12.2 Каток";
45;"01, ГОД, Green Flow";
46;"02, ГОД, RosaSki Inn";
47;"03, ГОД, RosaSprings";
48;"28, ГОД";
49;"29, ГОД";
50;"37, ГОД";
51;"53, ГОД, парковка";
52;"ВГК";"Высокогорный комплекс"
53;"31, ГОД";
54;"Гараж СУМ";"Гараж снегоуплотнительных машин"
55;"07, НБ";"Нижняя База"
56;"Пляж горный";
57;"24, НБ, Radisson";"отель ""Radisson"""
58;"13, НБ, Red Fox";"Ресторан ""Рыжий Лис"""
59;"22, НБ, Golden Tulip";"Отель ""Golden Tulip"""
60;"12, НБ, Valset 5";"Апартотель, р ""Дружба"""
61;"23, НБ, Подиум";
62;"36, ГОД";
63;"Склад ЗФ";"на зоне Финиша"
64;"Офис Промо (Сочи)";"Промо-офис (Сочи) Пляж Маяк"
65;"30, ГОД";
66;"35, ГОД, RosaSki Inn";
67;"Шале 10";
68;"Шале 02";
69;"Шале 03";
70;"Шале 04";
71;"Шале 05";
72;"Шале 06";
73;"Шале 07";
74;"Шале 08";
75;"Шале 09";
76;"Шале 11";
77;"Шале 12";
78;"Шале 13";
79;"Под Мостом";"Под Мостом"
80;"Йети Парк";"Лифт W"
81;"СКД W верх";"Лифт W верхняя станция"
82;"Гараж ратраков";"Гараж ратраков"
83;"49, ГОД";
84;"39, ГОД";
85;"40, ГОД";
86;"41, ГОД";
87;"09, ГОД";
88;"08, ГОД";
89;"05, ГОД";
90;"06, ГОД";
91;"07, ГОД";
92;"09, НБ, Valset 2";
93;"Прокат №3";"Прокат под мостом"
94;"Роза Холл";"Лепс Холл"
96;"Прокат №1";"в зд. Мзымта-двор"
97;"Прокат №2";"в зд. Вальсет 8"
102;"11, НБ, Valset 4";
103;"СКД Н/О";"Станция канатки некая"
104;"Кавказские пленники";"Экстрим-парк"
105;"Павлово";
106;"Новослободская";
107;"15, ГОД";
108;"СКД Y верх";"Станция Лифт Y верх"
109;"СКД Y низ";"Станция Лифн Y низ"
110;"Моремолл";"Центр Сочи"
112;"СКД О низ";"Нижняя станция канадтной дороги О"
113;"СКД Т низ";"Станция канатной дороги Т низ"
114;"СКД E низ";"Станция канатной дороги Е низ"
115;"СКД C Подсадка";"Станция канатной дороги C подсадка"
116;"СКД H1' низ";"Станция канатной дороги H1' низ"
117;"СКД H1"" низ";"Станция канатной дороги H1"" низ"
120;"СКД K верх";"Станция канатной дороги K верх"
121;"СКД B низ";"Станция канатной дороги B низ"
122;"СКД K низ";"Станция канатной дороги K низ"
123;"Касса ЗФ";"Касса ЗФ"
124;"СКД O низ";
125;"СКД P низ";
126;"СКД Y низ2";"надо удалить"
127;"СКД O верх";
128;"СКД P верх";
129;"СКД W низ";
130;"СКД О верх";
131;"Юниверсити офис";
132;"Лес ресторан";
133;"Берлога ресторан";
134;"Высота ресторан";
135;"Варежка ресторан";
137;"Пляж Морской";"Пляж Морской"
138;"УС БС-11";"на крокусе"
139;"Общежитие №1 ЗФ";
140;"Общежитие №2 ЗФ";"Узел связи"
141;"Общежитие №3 ЗФ";
142;"СКД Д верх";"Станция канатной дороги L верх"
143;"СКД L верх";"станция лифт L верх"
144;"СКД Z низ";"Дафна"
145;"СКД Z верх";"Дафна"
146;"04, ГОД, RidersLodge";
147;"32, ГОД, Flacon";
148;"КПП общежития ЗФ";
149;"КПП";"Все КПП (доп. инфа в примечаниях)"
150;"Офис ПЛС на Пике";"Офис лавинщиков на Пике"
151;"Троллей (Финиш)";
152;"Троллей (Старт)";
153;"ВЗУ НБ";"водозабор на НБ"
154;"Домик инструкторов";"на 1600 (подключен к лифту L)"
155;"67, ГОД";"парковка Flacon"
156;"BUS HUB";"Басхаб РХ"
157;"Склад СУМ";
158;"СКД A верх";"Станция Лифта Олимпия верх"
159;"AYS Hotel ГОД";"Отель AYS"
160;"Пост КПП ЗФ";"КПП ЗФ"
161;"СКД C низ";"Станция канатной дороги С низ"
162;"СКД С Верх";
163;"СКД Т верх";
164;"Родельбан";"Верхняя и нижняя станции аттракциона Родельбан"
165;"Общежитие Эсто-Садок";
166;"1600";
168;"УКС ЗФ";"Офис Управления Капитального Строительства, ЗФ"
169;"Офис ПЛС Лав. Домик";
170;"19, ГОД";
171;"20, ГОД";
172;"21, ГОД";
173;"22, ГОД";
174;"10, ГОД";
175;"11, ГОД";
176;"Домик ПЛС";"2100"
177;"Шатер Роза Фитнеc";
178;;
179;"СКД Учебный склон";
181;"12, ГОД";
182;"13, ГОД";
183;"14, ГОД";
184;"23, ГОД";
185;"Насосная 107";
186;"Насосная 110";
187;"Кавказ, зд. 01, МР";"Моя Россия"
188;"Суздаль, зд. 02, МР";"Моя Россия"
189;"Россия, зд. 03, МР";"Моя Россия"
190;"Краснода, зд. 04, МР";"Моя Россия"
191;"Москва, зд. 05, МР";"Моя Россия"
192;"Север, зд. 06, МР";"Моя Россия"
193;"Санкт-Петербург 07";"Моя Россия"
195;"Казань, зд. 09, МР";"Моя Россия"
196;"Урал, зд. 10, МР";"Моя Россия"
197;"Сибирь, зд. 11, МР";"Моя Россия"
198;"Бурятия, зд. 12, МР";"Моя Россия"
199;"СКД T низ";"Станция канатной дороги T низ"
200;"СКД E верх";"Станция канатной дороги Е верх"
