Имя порта,Имя принтера
TS034,
TS033,
TS019,
TS018,
TS017,
TS016,
TS015,
TS014,
TS013,
TS012,
TS011,
TS010,
TS009,
TS008,
TS007,
TS006,
TS005,
TS004,
TS003,
TS002,
TS001,
PORTPROMPT:,
LPT3:,
LPT2:,
LPT1:,
FILE:,
COM4:,
COM3:,
COM2:,
COM1:,
172.27.142.84,Xerox_3220_od_31b_1fl_sa
172.27.142.83,Xerox_3220_od_31b_1fl_gm
172.27.142.82,Xerox_3220_od_31b_1fl_fs
172.27.142.80,Xerox_7225_od_31b_1fl_1
172.17.9.249,PPS_KYOCERA_2235dn_24b_1fl_skischool
172.17.9.248,PPS_HPLJ_M1536_OD_3b_prokat
172.17.9.242,PPS_KYOCERA_P2235_18b_0fl_prokat
172.17.9.240,PPS_Kyocera_M2040db_9b_0fl_prokat
172.17.9.239,PPS_Kyocera_M2040dn_24b_1fl_Consierge_Service
172.17.9.238,PPS_KYOCERA_P2235_24b_1fl_prokat
172.17.9.237,PPS_KYOCERA_M2040_24b_1fl_prokat
172.17.9.236,PPS_KYOCERA_P2235_20b_1fl_prokat
172.17.9.235,PPS_KYOCERA_M2040_20b_1fl_prokat
172.17.9.230,PPS_KYOCERA_P2135_37b_prokat_1
172.17.9.226,PPS_HPLJ_P3010_24b
172.17.9.225,PPS_Kyocera_M2040dn_21b_1fl_Consierge_Service
172.17.9.221,PPS_HPLJ_3390_38b
172.17.9.211,Kyocera_M2035_38b_1fl
172.17.9.198,PPS_Kyocera_M2735dn_OD_3bl_prokat
172.17.9.188,PPS_Kyocera_2235dn_od_3b_0fl_POS63
172.17.9.172,PPS_Kyocera_M2040dn_18b_1fl_Consierge_Service
172.17.9.169,pps_xerox3220_9b_rent
172.17.7.89,Xerox_7225_Rosaspings
172.17.7.85,Xerox_3220_37b_1fl
172.17.7.65,Xerox_3220_od_2b_2fl_1
172.17.7.6,Kyocera_M2835dw_8b_1fl
172.17.7.5,HP_2015_37b_PPS
172.17.7.249,Kyocera_M2040dn_10b_1fl_concierge
172.17.7.223,HPLJ_3055_32b_1fl
172.17.7.215,HP_2035n_37b_info
172.17.6.82,Kyocera_1028_10b_sklad
172.17.6.58,Xerox_3220_Sklad_Sum
172.17.6.45,Xerox_7120_15b_1fl_1
10.168.7.199,PPS_KYOCERA_M2535_7b
10.168.7.198,PPS_KYOCERA_M2535_7b_3
10.168.7.197,HPLJ2035_7b_1fl_1
10.168.7.196,PPS_HPLJ_P2035_bridge
10.168.40.199,PPS_Kyocera_M2040dn_mr_suzdal
10.168.38.199,PPS_Kyocera_M2040_38b_Cash_Desk_Obshiy
10.168.38.197,PPS_KYOCERA_M2535_38b_prokat_3
10.168.38.196,PPS_KYOCERA_2135_38b_prokat_2
10.168.38.195,PPS_Kyocera_2135_38b_prokat_1
10.168.247.199,PPS_KYOCERA_M2040_rodelban_up
10.168.23.199,PPS_KYOCERA_M2040_23b_0fl_museum
10.168.23.198,Kyocera_P2040_23b_museum
10.168.212.199,PPS_HPLJ_M1536_Lift_D
10.168.2.199,PPS_HPLJ_P2035_2b_Katok
10.168.199.199,PPS_Kyocera_2235dn_beach_1
10.168.153.199,PPS_Kyocera_2040dn_OD_53b_fitness
10.168.153.198,Kyocera_M2040dn_OD_53b
10.168.132.199,PPS_HPLJ_P2015_132b_2fl
10.168.104.199,PPS_Kyocera_M2040dn__OD_4b_1fl_Consierge_Service
10.168.102.199,PPS_Kyocera_M2040dn_OD_2b_1fl_Consierge_Service
10.168.102.198,PPS_HPLJ_P2035_OD_2b_prokat
10.168.102.197,PPS_Kyocera_M2735dn_OD_2bl_prokat
10.168.101.199,PPS_Kyocera_M2040dn__OD_1b_1fl_Consierge_Service
10.168.100.199,PPS_HP_2035n_100b_1fl_skischool
10.168.100.198,PPS_Kyocera_2235dn_100b_1fl_RNT28
10.168.100.197,PPS_Kyocera_2235dn_100b_1fl_RNT27
10.168.100.196,PPS_Kyocera_2235dn_100b_1fl_RNT26
10.168.100.195,PPS_Kyocera_2235dn_100b_1fl_RNT25
10.168.100.194,PPS_Kyocera_2235dn_100b_1fl_POS62
10.168.100.192,PPS_HPLJ_2035_100b_1fl_rent
10.168.100.191,PPS_Xerox_3550_100b
10.145.32.199,RICOH_4310N_32b_306
10.144.7.200,Xerox_7120_nb_7b_infocenter
10.144.7.198,Kyocera_M2535_7b_1fl
10.144.40.199,Kyocera_M2235dn_MR5_Moscow
10.144.40.198,HPLJ_m1212nf_MR_SPB
10.144.38.201,Xerox_7120_38b_2fl
10.144.38.198,Kyocera_M2035_38b_2fl
10.144.38.197,HP_500_38b_2fl
10.144.38.196,Xerox_3220_38b_2fl_3
10.144.38.195,Kyocera_M2040dn_38b_2fl_transport
10.144.38.194,PPS_Kyocera_M2040dn_38b_Kassa
10.144.37.200,Kyocera_M2040dn_37b_1fl
10.144.37.197,Kyocera_m2235_37b_info
10.144.32.202,Xerox_7120_32b_6fl
10.144.32.201,Xerox_7120_32b_2fl_1
10.144.32.199,Kyocera_P2135dn_32b_3fl_HR
10.144.32.198,Kyocera_M2040dn_32b_1fl_sale
10.144.32.197,HP_2035_32b_2fl_205
10.144.32.195,HP_2035_32b_2fl_2
10.144.32.194,HP_P2035n_32b_206
10.144.32.193,Kyocera_M2040dn_32b_1fl_103
10.144.32.192,Xerox_3550_32b_2fl_1
10.144.32.187,Xerox_5855_32b_2fl_2
10.144.32.185,HPLJ_P2035n_32b_2fl_218
10.144.32.184,HP_1536_32b_2fl
10.144.32.181,Xerox_3220_32b_1fll
10.144.32.178,Xerox_5855_32b_3fl_2
10.144.32.177,Kyocera_P2040dn_32b_3fl_316
10.144.32.175,Kyocera_M2535_32b_4fl
10.144.32.174,Xerox_3550_32b_5fl
10.144.32.171,HP_2035_32b_2fl_221
10.144.32.169,HP_2035_32b_shop
10.144.32.168,Kyocera_M2040dn_32b_3fl_315
10.144.32.167,Kyocera_M2540dn_32b_1fl_105
10.144.32.166,Kyocera_M2035_32b_3fl_301
10.144.32.165_1,
10.144.32.165,Xerox_7830_32b_3fl
10.144.32.164,
10.144.253.199,Xerox_3550_Sklad_Sum
10.144.252.199,HP_1536_vgk_skipatrol
10.144.252.197,Kyocera_M2040dn_VGK_Avalanche
10.144.252.196,Kyocera_M2040dn_VGK_Vysota_mgr
10.144.251.197,Kyocera_m2035dn__Sklad_ZF
10.144.251.196,
10.144.250.198,Kyocera_M2040dn_ZFOB_RCP
10.144.250.197,Kyocera_M2040dn_ZFOB_RCP2
10.144.250.196,Xerox_M118_UKC_ZF
10.144.250.195,Kyocera_M2035dn_ZF_Snow
10.144.247.199,Xerox_3220_rb_up
10.144.23.199,HP_1536_23b_2fl_202
10.144.23.198,HP_T795_23b_4fl
10.144.23.197,Xerox_7120_23b_4Fl_1
10.144.23.196,Kyocera_M2535_23b_3fl
10.144.23.195,Kyocera_M2535_23b_214
10.144.23.194,Xerox_7530_23b_3fl
10.144.23.193,Canon_C3520_23b_5fl
10.144.23.192,Kyocera_P2135dn_23b_5fl_512
10.144.23.191,Kyocera_2235_23b_6fl_611_1_OGD
10.144.23.190,Kyocera_M2040_23b_6fl_612
10.144.23.189,Kyocera_M2035_23b_5fl_509_1
10.144.23.188,Kyocera_M2735dn_23b_5fl_512
10.144.23.187,Kyocera_M2535_23b_5fl_509_2
10.144.23.186,Xerox_3550_23b_6fl_611_4
10.144.23.185,Kyocera_M2035dn_23b_6fl_611_2
10.144.23.184,Xerox_5855_23b_6fl_1
10.144.23.183,HP_1536_23b_2fl_201
10.144.23.182,Kyocera_M2040dn_23b_6fl
10.144.23.181,HP_1536_23b_3fl
10.144.23.180,Kyocera_M2040dn_23b_509
10.144.23.179,Kyocera_M2040dn_23b_6fl_611_2
10.144.23.178,Kyocera_M2040dn_23b_6fl_611_1
10.144.23.177,Xerox_7120_23b_5fl
10.144.2.199,Kyocera_M3040dn_2b_ice
10.144.199.199,HP_2035_beach_office
10.144.164.199,HP_1536_od_64b_garage
10.144.164.198,Hp_1522_od_64b_2fl_207
10.144.164.197,Kyocera_M2040dn_OD_64b_206
10.144.164.196,Xerox_5855_OD_64b_2fl
10.144.164.195,Xerox_6600_od_64b_2fl
10.144.164.194,
10.144.164.193,Xerox_3220_OD_64b_avalanche
10.144.164.192,Xerox_6600_od_64_2fl_2
10.144.164.191,Kyocera_p2235dn_OD_64b_2fl
10.144.164.190,Kyocera_p2335dn_OD_64b_2fl_UKD
10.144.15.199,Xerox_7425_15b_1fl
10.144.15.198,Kyocera_M2235dn_15b_managers_restaurant
10.144.14.199,Kyocera_M2535dn_14_b_Sklad
10.144.14.198,Xerox_3550_14b_Sklad
10.144.138.199,Kyocera_1128_OD_38b_1fl
10.144.102.199,Kyocera_M2040dn_Varezhka
10.144.100.199,Kyocera_P2135dn_100b_2fl_Sport-Dept
10.144.100.198,Brother_6690_OD_100b_2fl
10.144.100.197,Epson_7720_OD_100b_2fl
10.144.100.196,Kyocera_p2040dn_100b_0fl
10.144.100.195,Kyocera_M2040dn_Berloga_Buh
10.144.100.193,Kyocera_M2540_100b_0fl
10.144.100.191,Kyocera_M2040dn_100b_info
10.144.100.190,Kyocera_M2040dn_Berloga_manager
10.144.100.189,Kyocera_M2040dn_Berloga_Buh2
10.144.1.27,RICOH_MP_C2011_rhall_2fl_260
10.144.1.198,Xerox_7020_rhall_2fl
